{
  "written_at": "2026-04-01T19:44:37.652041",
  "columns": {
    "processing_time_ms": {
      "mean": 101425.10416666667,
      "stddev": 210241.1636136635
    },
    "fact_confidence": {
      "mean": 0.38772653010852126,
      "stddev": 0.4264635546434847
    }
  }
}