{
  "written_at": "2026-04-04T20:11:31.324760Z",
  "columns": {
    "processing_time_ms": {
      "mean": 101425.10416666667,
      "stddev": 210241.1636136635
    },
    "fact_confidence": {
      "mean": 0.38772653010852126,
      "stddev": 0.4264635546434847
    }
  }
}